<Ui xmlns="http://www.blizzard.com/wow/ui/">
	<!-- Init -->
	<Script file="core\init.lua"/>

	<!-- Libraries -->
	<Script file="lib\LibStub\LibStub.lua"/>
	<Include file="lib\CallbackHandler-1.0\CallbackHandler-1.0.xml"/>
	<Include file="lib\ChatThrottleLib\ChatThrottleLib.xml"/>
	<Include file="lib\LibClassicThreat-1.0\lib.xml"/>

	<!-- Locales -->
	<Script file="locale\enUS.lua"/>
	<Script file="locale\deDE.lua"/>
	<Script file="locale\esES.lua"/>
	<Script file="locale\frFR.lua"/>
	<Script file="locale\itIT.lua"/>
	<Script file="locale\koKR.lua"/>
	<Script file="locale\ptBR.lua"/>
	<Script file="locale\ruRU.lua"/>
	<Script file="locale\zhCN.lua"/>
	<Script file="locale\zhTW.lua"/>

	<!-- Core -->
	<Script file="core\config.lua"/>
	<Script file="core\options.lua"/>
	<Script file="core\core.lua"/>
</Ui>
